timestamp,elapsed_s,gpu0_util_pct,gpu0_mem_util_pct,gpu0_mem_used_mb,gpu0_power_w,gpu0_temp_c,gpu1_util_pct,gpu1_mem_util_pct,gpu1_mem_used_mb,gpu1_power_w,gpu1_temp_c,gpu2_util_pct,gpu2_mem_util_pct,gpu2_mem_used_mb,gpu2_power_w,gpu2_temp_c,gpu3_util_pct,gpu3_mem_util_pct,gpu3_mem_used_mb,gpu3_power_w,gpu3_temp_c,gpu4_util_pct,gpu4_mem_util_pct,gpu4_mem_used_mb,gpu4_power_w,gpu4_temp_c,gpu5_util_pct,gpu5_mem_util_pct,gpu5_mem_used_mb,gpu5_power_w,gpu5_temp_c,gpu6_util_pct,gpu6_mem_util_pct,gpu6_mem_used_mb,gpu6_power_w,gpu6_temp_c,gpu7_util_pct,gpu7_mem_util_pct,gpu7_mem_used_mb,gpu7_power_w,gpu7_temp_c,gpu_avg_util_pct,gpu_avg_mem_util_pct,gpu_avg_power_w
2026-04-19 17:58:24.243,0.901,0.0,0.0,70995.0,116.32,36.0,0.0,0.0,71077.0,117.24,31.0,0.0,0.0,71077.0,114.75,30.0,0.0,0.0,71077.0,122.58,37.0,0.0,0.0,71077.0,130.01,36.0,0.0,0.0,71077.0,116.11,32.0,0.0,0.0,71077.0,114.31,30.0,0.0,0.0,70995.0,118.79,36.0,0.0,0.0,950.11
2026-04-19 17:58:25.422,2.079,0.0,0.0,70995.0,116.36,36.0,0.0,0.0,71077.0,117.14,31.0,0.0,0.0,71077.0,114.86,30.0,0.0,0.0,71077.0,122.59,37.0,0.0,0.0,71077.0,130.04,36.0,0.0,0.0,71077.0,116.1,32.0,0.0,0.0,71077.0,114.25,30.0,0.0,0.0,70995.0,118.84,36.0,0.0,0.0,950.18
2026-04-19 17:58:26.590,3.247,0.0,0.0,70995.0,116.24,36.0,0.0,0.0,71077.0,117.21,31.0,0.0,0.0,71077.0,114.8,30.0,0.0,0.0,71077.0,122.59,37.0,0.0,0.0,71077.0,130.07,36.0,0.0,0.0,71077.0,116.1,32.0,0.0,0.0,71077.0,114.25,30.0,0.0,0.0,70995.0,118.87,36.0,0.0,0.0,950.13
2026-04-19 17:58:27.771,4.428,0.0,0.0,70995.0,116.35,36.0,0.0,0.0,71077.0,117.2,31.0,0.0,0.0,71077.0,114.74,30.0,0.0,0.0,71077.0,122.57,37.0,0.0,0.0,71077.0,130.07,36.0,0.0,0.0,71077.0,116.09,32.0,0.0,0.0,71077.0,114.24,30.0,0.0,0.0,70995.0,118.83,36.0,0.0,0.0,950.09
2026-04-19 17:58:28.938,5.595,0.0,0.0,70995.0,116.39,36.0,0.0,0.0,71077.0,117.19,31.0,0.0,0.0,71077.0,114.75,30.0,0.0,0.0,71077.0,122.59,37.0,0.0,0.0,71077.0,130.11,36.0,0.0,0.0,71077.0,116.1,32.0,0.0,0.0,71077.0,114.31,30.0,0.0,0.0,70995.0,118.86,36.0,0.0,0.0,950.3
2026-04-19 17:58:30.105,6.762,0.0,0.0,70995.0,116.37,36.0,0.0,0.0,71077.0,117.17,31.0,0.0,0.0,71077.0,114.86,30.0,0.0,0.0,71077.0,122.6,37.0,0.0,0.0,71077.0,130.08,36.0,0.0,0.0,71077.0,116.09,32.0,0.0,0.0,71077.0,114.22,30.0,0.0,0.0,70995.0,118.88,36.0,0.0,0.0,950.27
2026-04-19 17:58:31.273,7.93,0.0,0.0,70995.0,116.35,36.0,0.0,0.0,71077.0,117.18,31.0,0.0,0.0,71077.0,114.82,30.0,0.0,0.0,71077.0,122.61,37.0,0.0,0.0,71077.0,130.12,36.0,0.0,0.0,71077.0,116.08,32.0,0.0,0.0,71077.0,114.3,30.0,0.0,0.0,70995.0,118.88,36.0,0.0,0.0,950.34
2026-04-19 17:58:32.471,9.128,0.0,0.0,70995.0,116.39,36.0,0.0,0.0,71077.0,117.17,31.0,0.0,0.0,71077.0,114.72,30.0,0.0,0.0,71077.0,122.62,37.0,0.0,0.0,71077.0,130.11,36.0,0.0,0.0,71077.0,116.12,32.0,0.0,0.0,71077.0,114.27,30.0,0.0,0.0,70995.0,118.9,36.0,0.0,0.0,950.3
2026-04-19 17:58:33.642,10.299,0.0,0.0,70995.0,116.4,36.0,0.0,0.0,71077.0,117.18,31.0,0.0,0.0,71077.0,114.81,30.0,0.0,0.0,71077.0,122.63,37.0,0.0,0.0,71077.0,130.12,36.0,0.0,0.0,71077.0,116.12,32.0,0.0,0.0,71077.0,114.27,30.0,0.0,0.0,70995.0,118.86,36.0,0.0,0.0,950.39
2026-04-19 17:58:34.807,11.465,0.0,0.0,70995.0,116.38,36.0,0.0,0.0,71077.0,117.17,31.0,0.0,0.0,71077.0,114.87,30.0,0.0,0.0,71077.0,122.67,37.0,0.0,0.0,71077.0,130.16,36.0,0.0,0.0,71077.0,116.14,32.0,0.0,0.0,71077.0,114.31,30.0,0.0,0.0,70995.0,118.87,36.0,0.0,0.0,950.57
2026-04-19 17:58:35.981,12.639,0.0,0.0,70995.0,116.39,36.0,0.0,0.0,71077.0,117.2,31.0,0.0,0.0,71077.0,114.78,30.0,0.0,0.0,71077.0,122.69,37.0,0.0,0.0,71077.0,130.19,36.0,0.0,0.0,71077.0,116.08,32.0,0.0,0.0,71077.0,114.26,30.0,0.0,0.0,70995.0,118.87,36.0,0.0,0.0,950.46
2026-04-19 17:58:37.144,13.801,0.0,0.0,70995.0,116.41,36.0,0.0,0.0,71077.0,117.13,31.0,0.0,0.0,71077.0,114.73,30.0,0.0,0.0,71077.0,122.67,37.0,0.0,0.0,71077.0,130.17,36.0,0.0,0.0,71077.0,116.08,32.0,0.0,0.0,71077.0,114.27,30.0,0.0,0.0,70995.0,118.89,36.0,0.0,0.0,950.35
2026-04-19 17:58:38.320,14.977,0.0,0.0,70995.0,116.38,36.0,0.0,0.0,71077.0,117.18,31.0,0.0,0.0,71077.0,114.77,30.0,0.0,0.0,71077.0,122.69,37.0,0.0,0.0,71077.0,130.2,36.0,0.0,0.0,71077.0,116.08,32.0,0.0,0.0,71077.0,114.29,30.0,0.0,0.0,70995.0,118.9,36.0,0.0,0.0,950.49
2026-04-19 17:58:39.496,16.154,0.0,0.0,70995.0,116.41,36.0,0.0,0.0,71077.0,117.19,31.0,0.0,0.0,71077.0,114.86,30.0,0.0,0.0,71077.0,122.68,37.0,0.0,0.0,71077.0,130.21,36.0,0.0,0.0,71077.0,116.09,32.0,0.0,0.0,71077.0,114.24,30.0,0.0,0.0,70995.0,118.88,36.0,0.0,0.0,950.56
2026-04-19 17:58:40.663,17.32,0.0,0.0,70995.0,116.39,36.0,0.0,0.0,71077.0,117.18,31.0,0.0,0.0,71077.0,114.73,30.0,0.0,0.0,71077.0,122.69,37.0,0.0,0.0,71077.0,130.23,36.0,0.0,0.0,71077.0,116.1,32.0,0.0,0.0,71077.0,114.27,30.0,0.0,0.0,70995.0,118.89,36.0,0.0,0.0,950.48
2026-04-19 17:58:41.837,18.495,0.0,0.0,70995.0,116.43,36.0,0.0,0.0,71077.0,117.18,31.0,0.0,0.0,71077.0,114.65,30.0,0.0,0.0,71077.0,122.71,37.0,0.0,0.0,71077.0,130.25,36.0,0.0,0.0,71077.0,116.1,32.0,0.0,0.0,71077.0,114.29,30.0,0.0,0.0,70995.0,118.94,36.0,0.0,0.0,950.55
2026-04-19 17:58:43.028,19.686,0.0,0.0,70995.0,116.45,36.0,0.0,0.0,71077.0,117.17,31.0,0.0,0.0,71077.0,114.8,30.0,0.0,0.0,71077.0,122.71,37.0,0.0,0.0,71077.0,130.28,36.0,0.0,0.0,71077.0,116.08,32.0,0.0,0.0,71077.0,114.26,30.0,0.0,0.0,70995.0,118.93,36.0,0.0,0.0,950.68
2026-04-19 17:58:44.205,20.863,0.0,0.0,70995.0,116.44,36.0,0.0,0.0,71077.0,117.17,31.0,0.0,0.0,71077.0,114.82,30.0,0.0,0.0,71077.0,122.75,37.0,0.0,0.0,71077.0,130.29,36.0,0.0,0.0,71077.0,116.11,32.0,0.0,0.0,71077.0,114.26,30.0,0.0,0.0,70995.0,118.89,36.0,0.0,0.0,950.73
2026-04-19 17:58:45.381,22.038,0.0,0.0,70995.0,116.45,36.0,0.0,0.0,71077.0,117.22,31.0,0.0,0.0,71077.0,114.74,30.0,0.0,0.0,71077.0,122.74,37.0,0.0,0.0,71077.0,130.29,36.0,0.0,0.0,71077.0,116.07,32.0,0.0,0.0,71077.0,114.26,30.0,0.0,0.0,70995.0,118.91,36.0,0.0,0.0,950.68
2026-04-19 17:58:46.569,23.227,0.0,0.0,70995.0,116.45,36.0,0.0,0.0,71077.0,117.16,31.0,0.0,0.0,71077.0,114.72,30.0,0.0,0.0,71077.0,122.07,37.0,0.0,0.0,71077.0,130.29,36.0,0.0,0.0,71077.0,116.1,32.0,0.0,0.0,71077.0,114.28,30.0,0.0,0.0,70995.0,118.95,36.0,0.0,0.0,950.02
2026-04-19 17:58:47.759,24.417,0.0,0.0,70995.0,116.42,36.0,0.0,0.0,71077.0,117.18,31.0,0.0,0.0,71077.0,114.78,30.0,0.0,0.0,71077.0,121.95,37.0,0.0,0.0,71077.0,130.31,36.0,0.0,0.0,71077.0,116.11,32.0,0.0,0.0,71077.0,114.25,30.0,0.0,0.0,70995.0,118.92,36.0,0.0,0.0,949.92
2026-04-19 17:58:48.935,25.593,0.0,0.0,70995.0,116.48,36.0,0.0,0.0,71077.0,117.16,31.0,0.0,0.0,71077.0,114.81,30.0,0.0,0.0,71077.0,122.01,37.0,0.0,0.0,71077.0,130.33,36.0,0.0,0.0,71077.0,116.1,32.0,0.0,0.0,71077.0,114.26,30.0,0.0,0.0,70995.0,118.93,36.0,0.0,0.0,950.08
2026-04-19 17:58:50.100,26.757,0.0,0.0,70995.0,116.51,36.0,0.0,0.0,71077.0,117.17,31.0,0.0,0.0,71077.0,114.72,30.0,0.0,0.0,71077.0,122.02,37.0,0.0,0.0,71077.0,130.37,36.0,0.0,0.0,71077.0,116.11,32.0,0.0,0.0,71077.0,114.27,30.0,0.0,0.0,70995.0,118.93,36.0,0.0,0.0,950.1
2026-04-19 17:58:51.280,27.938,0.0,0.0,70995.0,116.45,36.0,0.0,0.0,71077.0,117.18,31.0,0.0,0.0,71077.0,114.76,30.0,0.0,0.0,71077.0,121.99,37.0,0.0,0.0,71077.0,130.37,36.0,0.0,0.0,71077.0,116.09,32.0,0.0,0.0,71077.0,114.25,30.0,0.0,0.0,70995.0,118.95,36.0,0.0,0.0,950.04
2026-04-19 17:58:52.445,29.102,0.0,0.0,70995.0,116.49,36.0,0.0,0.0,71077.0,117.14,31.0,0.0,0.0,71077.0,114.85,30.0,0.0,0.0,71077.0,122.03,37.0,0.0,0.0,71077.0,130.39,36.0,0.0,0.0,71077.0,116.11,32.0,0.0,0.0,71077.0,114.25,30.0,0.0,0.0,70995.0,118.99,36.0,0.0,0.0,950.25
2026-04-19 17:58:53.613,30.271,0.0,0.0,70995.0,116.45,36.0,0.0,0.0,71077.0,117.18,31.0,0.0,0.0,71077.0,114.83,30.0,0.0,0.0,71077.0,122.05,37.0,0.0,0.0,71077.0,130.43,36.0,0.0,0.0,71077.0,116.12,32.0,0.0,0.0,71077.0,114.23,30.0,0.0,0.0,70995.0,118.94,36.0,0.0,0.0,950.23
2026-04-19 17:58:54.778,31.435,0.0,0.0,70995.0,116.54,36.0,0.0,0.0,71077.0,117.21,31.0,0.0,0.0,71077.0,114.7,30.0,0.0,0.0,71077.0,122.04,37.0,0.0,0.0,71077.0,130.42,36.0,0.0,0.0,71077.0,116.12,32.0,0.0,0.0,71077.0,114.2,30.0,0.0,0.0,70995.0,118.99,36.0,0.0,0.0,950.22
2026-04-19 17:58:55.953,32.61,0.0,0.0,70995.0,116.55,36.0,0.0,0.0,71077.0,117.18,31.0,0.0,0.0,71077.0,114.81,30.0,0.0,0.0,71077.0,122.09,37.0,0.0,0.0,71077.0,130.43,36.0,0.0,0.0,71077.0,116.15,32.0,0.0,0.0,71077.0,114.29,30.0,0.0,0.0,70995.0,119.0,36.0,0.0,0.0,950.5
2026-04-19 17:58:57.117,33.774,0.0,0.0,70995.0,116.51,36.0,0.0,0.0,71077.0,117.2,31.0,0.0,0.0,71077.0,114.85,30.0,0.0,0.0,71077.0,122.1,37.0,0.0,0.0,71077.0,130.46,37.0,0.0,0.0,71077.0,116.11,32.0,0.0,0.0,71077.0,114.26,30.0,0.0,0.0,70995.0,118.96,36.0,0.0,0.0,950.45
2026-04-19 17:58:58.295,34.952,0.0,0.0,70995.0,116.54,36.0,0.0,0.0,71077.0,117.22,31.0,0.0,0.0,71077.0,114.72,30.0,0.0,0.0,71077.0,122.11,37.0,0.0,0.0,71077.0,130.44,37.0,0.0,0.0,71077.0,116.11,32.0,0.0,0.0,71077.0,114.29,30.0,0.0,0.0,70995.0,119.01,36.0,0.0,0.0,950.44
2026-04-19 17:58:59.476,36.133,0.0,0.0,70995.0,116.54,36.0,0.0,0.0,71077.0,117.23,31.0,0.0,0.0,71077.0,114.76,30.0,0.0,0.0,71077.0,122.11,37.0,0.0,0.0,71077.0,130.49,37.0,0.0,0.0,71077.0,116.13,32.0,0.0,0.0,71077.0,114.28,30.0,0.0,0.0,70995.0,119.0,36.0,0.0,0.0,950.54
2026-04-19 17:59:00.640,37.298,0.0,0.0,70995.0,116.51,36.0,0.0,0.0,71077.0,117.22,31.0,0.0,0.0,71077.0,114.87,30.0,0.0,0.0,71077.0,122.13,37.0,0.0,0.0,71077.0,130.5,37.0,0.0,0.0,71077.0,116.11,32.0,0.0,0.0,71077.0,114.3,30.0,0.0,0.0,70995.0,119.01,36.0,0.0,0.0,950.65
2026-04-19 17:59:01.802,38.459,0.0,0.0,70995.0,116.56,36.0,0.0,0.0,71077.0,117.22,31.0,0.0,0.0,71077.0,114.85,30.0,0.0,0.0,71077.0,122.17,38.0,0.0,0.0,71077.0,130.55,37.0,0.0,0.0,71077.0,116.16,32.0,0.0,0.0,71077.0,114.29,30.0,0.0,0.0,70995.0,119.07,37.0,0.0,0.0,950.87
2026-04-19 17:59:02.967,39.624,0.0,0.0,70995.0,116.6,36.0,0.0,0.0,71077.0,117.22,31.0,0.0,0.0,71077.0,114.74,30.0,0.0,0.0,71077.0,122.2,38.0,0.0,0.0,71077.0,130.55,37.0,0.0,0.0,71077.0,116.14,32.0,0.0,0.0,71077.0,114.28,30.0,0.0,0.0,70995.0,118.95,37.0,0.0,0.0,950.68
2026-04-19 17:59:04.144,40.802,0.0,0.0,70995.0,116.6,36.0,0.0,0.0,71077.0,117.18,31.0,0.0,0.0,71077.0,114.81,30.0,0.0,0.0,71077.0,122.15,38.0,0.0,0.0,71077.0,130.6,37.0,0.0,0.0,71077.0,116.15,32.0,0.0,0.0,71077.0,114.26,30.0,0.0,0.0,70995.0,119.05,37.0,0.0,0.0,950.8
2026-04-19 17:59:05.341,41.998,0.0,0.0,70995.0,116.62,36.0,0.0,0.0,71077.0,117.21,31.0,0.0,0.0,71077.0,114.85,30.0,0.0,0.0,71077.0,122.17,38.0,0.0,0.0,71077.0,130.57,37.0,0.0,0.0,71077.0,116.15,32.0,0.0,0.0,71077.0,114.31,30.0,0.0,0.0,70995.0,119.09,37.0,0.0,0.0,950.97
2026-04-19 17:59:06.522,43.18,0.0,0.0,70995.0,116.6,36.0,0.0,0.0,71077.0,117.21,31.0,0.0,0.0,71077.0,114.73,30.0,0.0,0.0,71077.0,122.19,38.0,0.0,0.0,71077.0,130.64,37.0,0.0,0.0,71077.0,116.18,32.0,0.0,0.0,71077.0,114.27,30.0,0.0,0.0,70995.0,119.05,37.0,0.0,0.0,950.87
2026-04-19 17:59:07.713,44.37,0.0,0.0,70995.0,116.62,36.0,0.0,0.0,71077.0,117.19,31.0,0.0,0.0,71077.0,114.74,30.0,0.0,0.0,71077.0,122.19,38.0,0.0,0.0,71077.0,130.63,37.0,0.0,0.0,71077.0,116.14,32.0,0.0,0.0,71077.0,114.3,30.0,0.0,0.0,70995.0,119.09,37.0,0.0,0.0,950.9
2026-04-19 17:59:08.876,45.533,0.0,0.0,70995.0,116.59,36.0,0.0,0.0,71077.0,117.22,31.0,0.0,0.0,71077.0,114.85,30.0,0.0,0.0,71077.0,122.22,38.0,0.0,0.0,71077.0,130.67,37.0,0.0,0.0,71077.0,116.14,32.0,0.0,0.0,71077.0,114.28,30.0,0.0,0.0,70995.0,119.08,37.0,0.0,0.0,951.05
2026-04-19 17:59:10.052,46.71,0.0,0.0,70995.0,116.6,36.0,0.0,0.0,71077.0,117.24,31.0,0.0,0.0,71077.0,114.83,30.0,0.0,0.0,71077.0,122.22,38.0,0.0,0.0,71077.0,130.67,37.0,0.0,0.0,71077.0,116.15,32.0,0.0,0.0,71077.0,114.31,30.0,0.0,0.0,70995.0,119.14,37.0,0.0,0.0,951.16
2026-04-19 17:59:11.227,47.884,0.0,0.0,70995.0,116.68,36.0,0.0,0.0,71077.0,117.24,31.0,0.0,0.0,71077.0,114.74,30.0,0.0,0.0,71077.0,122.23,38.0,0.0,0.0,71077.0,130.68,37.0,0.0,0.0,71077.0,116.14,32.0,0.0,0.0,71077.0,114.32,30.0,0.0,0.0,70995.0,119.09,37.0,0.0,0.0,951.12
2026-04-19 17:59:12.389,49.046,0.0,0.0,70995.0,116.61,36.0,0.0,0.0,71077.0,117.21,31.0,0.0,0.0,71077.0,114.85,30.0,0.0,0.0,71077.0,122.22,38.0,0.0,0.0,71077.0,130.71,37.0,0.0,0.0,71077.0,116.16,32.0,0.0,0.0,71077.0,114.32,30.0,0.0,0.0,70995.0,119.06,37.0,0.0,0.0,951.14
2026-04-19 17:59:13.564,50.221,0.0,0.0,70995.0,116.65,36.0,0.0,0.0,71077.0,117.23,31.0,0.0,0.0,71077.0,114.92,30.0,0.0,0.0,71077.0,122.26,38.0,0.0,0.0,71077.0,130.73,37.0,0.0,0.0,71077.0,116.15,32.0,0.0,0.0,71077.0,114.3,30.0,0.0,0.0,70995.0,119.09,37.0,0.0,0.0,951.33
2026-04-19 17:59:14.735,51.393,0.0,0.0,70995.0,116.69,36.0,0.0,0.0,71077.0,117.25,31.0,0.0,0.0,71077.0,114.79,30.0,0.0,0.0,71077.0,122.24,38.0,0.0,0.0,71077.0,130.72,37.0,0.0,0.0,71077.0,116.21,32.0,0.0,0.0,71077.0,114.31,30.0,0.0,0.0,70995.0,119.15,37.0,0.0,0.0,951.36
2026-04-19 17:59:15.925,52.582,0.0,0.0,70995.0,116.6,36.0,0.0,0.0,71077.0,117.21,31.0,0.0,0.0,71077.0,114.78,30.0,0.0,0.0,71077.0,122.28,38.0,0.0,0.0,71077.0,130.79,37.0,0.0,0.0,71077.0,116.18,32.0,0.0,0.0,71077.0,114.32,30.0,0.0,0.0,70995.0,119.12,37.0,0.0,0.0,951.28
2026-04-19 17:59:17.091,53.749,0.0,0.0,70995.0,116.65,36.0,0.0,0.0,71077.0,117.23,31.0,0.0,0.0,71077.0,114.88,30.0,0.0,0.0,71077.0,122.28,38.0,0.0,0.0,71077.0,130.76,37.0,0.0,0.0,71077.0,116.17,32.0,0.0,0.0,71077.0,114.27,30.0,0.0,0.0,70995.0,119.12,37.0,0.0,0.0,951.36
2026-04-19 17:59:18.259,54.916,0.0,0.0,70995.0,116.7,36.0,0.0,0.0,71077.0,117.24,31.0,0.0,0.0,71077.0,114.87,30.0,0.0,0.0,71077.0,122.32,38.0,0.0,0.0,71077.0,130.8,37.0,0.0,0.0,71077.0,116.22,32.0,0.0,0.0,71077.0,114.32,31.0,0.0,0.0,70995.0,119.14,37.0,0.0,0.0,951.61
2026-04-19 17:59:19.424,56.081,0.0,0.0,70995.0,116.65,36.0,0.0,0.0,71077.0,117.24,31.0,0.0,0.0,71077.0,114.74,31.0,0.0,0.0,71077.0,122.33,38.0,0.0,0.0,71077.0,130.79,37.0,0.0,0.0,71077.0,116.21,32.0,0.0,0.0,71077.0,114.28,30.0,0.0,0.0,70995.0,119.21,37.0,0.0,0.0,951.45
2026-04-19 17:59:20.618,57.275,0.0,0.0,70995.0,116.71,36.0,0.0,0.0,71077.0,117.28,31.0,0.0,0.0,71077.0,114.83,31.0,0.0,0.0,71077.0,122.33,38.0,0.0,0.0,71077.0,130.82,37.0,0.0,0.0,71077.0,116.21,32.0,0.0,0.0,71077.0,114.33,31.0,0.0,0.0,70995.0,119.13,37.0,0.0,0.0,951.64
2026-04-19 17:59:21.779,58.436,0.0,0.0,70995.0,116.71,36.0,0.0,0.0,71077.0,117.28,31.0,0.0,0.0,71077.0,114.91,31.0,0.0,0.0,71077.0,122.37,38.0,0.0,0.0,71077.0,130.81,37.0,0.0,0.0,71077.0,116.22,32.0,0.0,0.0,71077.0,114.32,31.0,0.0,0.0,70995.0,119.17,37.0,0.0,0.0,951.79
2026-04-19 17:59:22.959,59.617,0.0,0.0,70995.0,116.74,36.0,0.0,0.0,71077.0,117.28,31.0,0.0,0.0,71077.0,114.81,31.0,0.0,0.0,71077.0,122.36,38.0,0.0,0.0,71077.0,130.84,37.0,0.0,0.0,71077.0,116.2,32.0,0.0,0.0,71077.0,114.34,31.0,0.0,0.0,70995.0,119.19,37.0,0.0,0.0,951.76
2026-04-19 17:59:24.147,60.804,0.0,0.0,70995.0,116.69,36.0,0.0,0.0,71077.0,117.25,31.0,0.0,0.0,71077.0,114.81,31.0,0.0,0.0,71077.0,122.4,38.0,0.0,0.0,71077.0,130.86,37.0,0.0,0.0,71077.0,116.24,32.0,0.0,0.0,71077.0,114.36,31.0,0.0,0.0,70995.0,119.18,37.0,0.0,0.0,951.79
2026-04-19 17:59:25.324,61.981,0.0,0.0,70995.0,116.7,37.0,0.0,0.0,71077.0,117.25,31.0,0.0,0.0,71077.0,114.89,31.0,0.0,0.0,71077.0,122.43,38.0,0.0,0.0,71077.0,130.87,37.0,0.0,0.0,71077.0,116.19,32.0,0.0,0.0,71077.0,114.34,31.0,0.0,0.0,70995.0,119.21,37.0,0.0,0.0,951.88
2026-04-19 17:59:26.488,63.145,0.0,0.0,70995.0,116.73,37.0,0.0,0.0,71077.0,117.23,31.0,0.0,0.0,71077.0,114.83,31.0,0.0,0.0,71077.0,122.4,38.0,0.0,0.0,71077.0,130.91,37.0,0.0,0.0,71077.0,116.18,32.0,0.0,0.0,71077.0,114.34,31.0,0.0,0.0,70995.0,119.18,37.0,0.0,0.0,951.8
2026-04-19 17:59:27.650,64.307,0.0,0.0,70995.0,116.75,37.0,0.0,0.0,71077.0,117.29,31.0,0.0,0.0,71077.0,114.8,31.0,0.0,0.0,71077.0,122.41,38.0,0.0,0.0,71077.0,130.92,37.0,0.0,0.0,71077.0,116.21,32.0,0.0,0.0,71077.0,114.33,31.0,0.0,0.0,70995.0,119.22,37.0,0.0,0.0,951.93
2026-04-19 17:59:28.814,65.471,0.0,0.0,70995.0,116.74,37.0,0.0,0.0,71077.0,117.31,31.0,0.0,0.0,71077.0,114.92,31.0,0.0,0.0,71077.0,122.42,38.0,0.0,0.0,71077.0,130.94,37.0,0.0,0.0,71077.0,116.23,32.0,0.0,0.0,71077.0,114.32,31.0,0.0,0.0,70995.0,119.22,37.0,0.0,0.0,952.1
2026-04-19 17:59:29.992,66.65,0.0,0.0,70995.0,116.81,37.0,0.0,0.0,71077.0,117.24,31.0,0.0,0.0,71077.0,114.9,31.0,0.0,0.0,71077.0,122.44,38.0,0.0,0.0,71077.0,130.98,37.0,0.0,0.0,71077.0,116.25,32.0,0.0,0.0,71077.0,114.33,31.0,0.0,0.0,70995.0,119.26,37.0,0.0,0.0,952.21
2026-04-19 17:59:31.184,67.841,0.0,0.0,70995.0,116.72,37.0,0.0,0.0,71077.0,117.28,31.0,0.0,0.0,71077.0,114.8,31.0,0.0,0.0,71077.0,122.45,38.0,0.0,0.0,71077.0,130.99,37.0,0.0,0.0,71077.0,116.23,32.0,0.0,0.0,71077.0,114.33,31.0,0.0,0.0,70995.0,119.24,37.0,0.0,0.0,952.04
2026-04-19 17:59:32.380,69.037,0.0,0.0,70995.0,116.81,37.0,0.0,0.0,71077.0,117.3,31.0,0.0,0.0,71077.0,114.87,31.0,0.0,0.0,71077.0,122.46,38.0,0.0,0.0,71077.0,130.99,37.0,0.0,0.0,71077.0,116.24,32.0,0.0,0.0,71077.0,114.33,31.0,0.0,0.0,70995.0,119.25,37.0,0.0,0.0,952.25
2026-04-19 17:59:33.558,70.215,0.0,0.0,70995.0,116.79,37.0,0.0,0.0,71077.0,117.25,31.0,0.0,0.0,71077.0,114.99,31.0,0.0,0.0,71077.0,122.49,38.0,0.0,0.0,71077.0,131.02,37.0,0.0,0.0,71077.0,116.19,32.0,0.0,0.0,71077.0,114.35,31.0,0.0,0.0,70995.0,119.22,37.0,0.0,0.0,952.3
2026-04-19 17:59:34.746,71.404,0.0,0.0,70995.0,116.76,37.0,0.0,0.0,71077.0,117.26,31.0,0.0,0.0,71077.0,114.89,31.0,0.0,0.0,71077.0,122.51,38.0,0.0,0.0,71077.0,130.98,37.0,0.0,0.0,71077.0,116.22,32.0,0.0,0.0,71077.0,114.26,31.0,0.0,0.0,70995.0,119.26,37.0,0.0,0.0,952.14
2026-04-19 17:59:35.921,72.578,0.0,0.0,70995.0,116.77,37.0,0.0,0.0,71077.0,117.32,31.0,0.0,0.0,71077.0,114.81,31.0,0.0,0.0,71077.0,122.49,38.0,0.0,0.0,71077.0,131.04,37.0,0.0,0.0,71077.0,116.23,32.0,0.0,0.0,71077.0,114.37,31.0,0.0,0.0,70995.0,119.27,37.0,0.0,0.0,952.3
2026-04-19 17:59:37.098,73.756,0.0,0.0,70995.0,116.77,37.0,0.0,0.0,71077.0,117.28,31.0,0.0,0.0,71077.0,114.94,31.0,0.0,0.0,71077.0,122.49,38.0,0.0,0.0,71077.0,131.03,37.0,0.0,0.0,71077.0,116.21,32.0,0.0,0.0,71077.0,114.34,31.0,0.0,0.0,70995.0,119.26,37.0,0.0,0.0,952.32
2026-04-19 17:59:38.261,74.919,0.0,0.0,70995.0,116.82,37.0,0.0,0.0,71077.0,117.29,31.0,0.0,0.0,71077.0,114.85,31.0,0.0,0.0,71077.0,122.5,38.0,0.0,0.0,71077.0,131.05,37.0,0.0,0.0,71077.0,116.22,32.0,0.0,0.0,71077.0,114.36,31.0,0.0,0.0,70995.0,119.28,37.0,0.0,0.0,952.37
2026-04-19 17:59:39.436,76.094,0.0,0.0,70995.0,116.76,37.0,0.0,0.0,71077.0,117.26,31.0,0.0,0.0,71077.0,114.81,31.0,0.0,0.0,71077.0,122.53,38.0,0.0,0.0,71077.0,131.09,37.0,0.0,0.0,71077.0,116.23,32.0,0.0,0.0,71077.0,114.35,31.0,0.0,0.0,70995.0,119.32,37.0,0.0,0.0,952.35
2026-04-19 17:59:40.600,77.257,0.0,0.0,70995.0,116.8,37.0,0.0,0.0,71077.0,117.31,31.0,0.0,0.0,71077.0,114.92,31.0,0.0,0.0,71077.0,122.8,38.0,0.0,0.0,71077.0,131.05,37.0,0.0,0.0,71077.0,116.25,32.0,0.0,0.0,71077.0,114.36,31.0,0.0,0.0,70995.0,119.31,37.0,0.0,0.0,952.8
2026-04-19 17:59:41.774,78.431,0.0,0.0,70995.0,116.8,37.0,0.0,0.0,71077.0,117.3,31.0,0.0,0.0,71077.0,114.94,31.0,0.0,0.0,71077.0,122.97,38.0,0.0,0.0,71077.0,131.12,37.0,0.0,0.0,71077.0,116.2,32.0,0.0,0.0,71077.0,114.35,31.0,0.0,0.0,70995.0,119.27,37.0,0.0,0.0,952.95
2026-04-19 17:59:42.935,79.593,0.0,0.0,70995.0,116.8,37.0,0.0,0.0,71077.0,117.31,31.0,0.0,0.0,71077.0,114.81,31.0,0.0,0.0,71077.0,122.93,38.0,0.0,0.0,71077.0,131.17,37.0,0.0,0.0,71077.0,116.23,32.0,0.0,0.0,71077.0,114.35,31.0,0.0,0.0,70995.0,119.28,37.0,0.0,0.0,952.88
2026-04-19 17:59:44.113,80.77,0.0,0.0,70995.0,116.85,37.0,0.0,0.0,71077.0,117.31,31.0,0.0,0.0,71077.0,114.87,31.0,0.0,0.0,71077.0,122.96,38.0,0.0,0.0,71077.0,131.14,37.0,0.0,0.0,71077.0,116.24,32.0,0.0,0.0,71077.0,114.35,31.0,0.0,0.0,70995.0,119.35,37.0,0.0,0.0,953.07
2026-04-19 17:59:45.279,81.936,0.0,0.0,70995.0,116.78,37.0,0.0,0.0,71077.0,117.27,31.0,0.0,0.0,71077.0,114.96,31.0,0.0,0.0,71077.0,123.0,38.0,0.0,0.0,71077.0,131.15,37.0,0.0,0.0,71077.0,116.23,32.0,0.0,0.0,71077.0,114.37,31.0,0.0,0.0,70995.0,119.31,37.0,0.0,0.0,953.07
2026-04-19 17:59:46.453,83.11,0.0,0.0,70995.0,116.85,37.0,0.0,0.0,71077.0,117.3,31.0,0.0,0.0,71077.0,114.88,31.0,0.0,0.0,71077.0,122.98,38.0,0.0,0.0,71077.0,131.13,37.0,0.0,0.0,71077.0,116.23,32.0,0.0,0.0,71077.0,114.36,31.0,0.0,0.0,70995.0,119.31,37.0,0.0,0.0,953.04
2026-04-19 17:59:47.618,84.275,0.0,0.0,70995.0,116.81,37.0,0.0,0.0,71077.0,117.27,31.0,0.0,0.0,71077.0,114.83,31.0,0.0,0.0,71077.0,123.01,38.0,0.0,0.0,71077.0,131.15,37.0,0.0,0.0,71077.0,116.27,32.0,0.0,0.0,71077.0,114.38,31.0,0.0,0.0,70995.0,119.32,37.0,0.0,0.0,953.04
2026-04-19 17:59:48.782,85.44,0.0,0.0,70995.0,116.84,37.0,0.0,0.0,71077.0,117.28,31.0,0.0,0.0,71077.0,115.02,31.0,0.0,0.0,71077.0,122.99,38.0,0.0,0.0,71077.0,131.16,37.0,0.0,0.0,71077.0,116.25,32.0,0.0,0.0,71077.0,114.35,31.0,0.0,0.0,70995.0,119.35,37.0,0.0,0.0,953.24
2026-04-19 17:59:49.959,86.616,0.0,0.0,70995.0,116.85,37.0,0.0,0.0,71077.0,117.3,31.0,0.0,0.0,71077.0,114.86,31.0,0.0,0.0,71077.0,123.07,38.0,0.0,0.0,71077.0,131.17,37.0,0.0,0.0,71077.0,116.24,32.0,0.0,0.0,71077.0,114.34,31.0,0.0,0.0,70995.0,119.32,37.0,0.0,0.0,953.15
2026-04-19 17:59:51.133,87.791,0.0,0.0,70995.0,116.88,37.0,0.0,0.0,71077.0,117.29,31.0,0.0,0.0,71077.0,114.84,31.0,0.0,0.0,71077.0,123.02,38.0,0.0,0.0,71077.0,131.17,37.0,0.0,0.0,71077.0,116.23,32.0,0.0,0.0,71077.0,114.3,31.0,0.0,0.0,70995.0,119.29,37.0,0.0,0.0,953.02
2026-04-19 17:59:52.311,88.969,0.0,0.0,70995.0,116.87,37.0,0.0,0.0,71077.0,117.29,31.0,0.0,0.0,71077.0,114.97,31.0,0.0,0.0,71077.0,123.05,38.0,0.0,0.0,71077.0,131.21,37.0,0.0,0.0,71077.0,116.25,32.0,0.0,0.0,71077.0,114.37,31.0,0.0,0.0,70995.0,119.29,37.0,0.0,0.0,953.3
2026-04-19 17:59:53.505,90.163,0.0,0.0,70995.0,116.83,37.0,0.0,0.0,71077.0,117.25,31.0,0.0,0.0,71077.0,114.99,31.0,0.0,0.0,71077.0,123.01,38.0,0.0,0.0,71077.0,131.24,37.0,0.0,0.0,71077.0,116.26,32.0,0.0,0.0,71077.0,114.33,31.0,0.0,0.0,70995.0,119.35,37.0,0.0,0.0,953.26
2026-04-19 17:59:54.684,91.341,0.0,0.0,70995.0,116.89,37.0,0.0,0.0,71077.0,117.33,31.0,0.0,0.0,71077.0,114.84,31.0,0.0,0.0,71077.0,123.05,38.0,0.0,0.0,71077.0,131.24,37.0,0.0,0.0,71077.0,116.22,32.0,0.0,0.0,71077.0,114.3,31.0,0.0,0.0,70995.0,119.34,37.0,0.0,0.0,953.21
2026-04-19 17:59:55.850,92.508,0.0,0.0,70995.0,116.86,37.0,0.0,0.0,71077.0,117.32,31.0,0.0,0.0,71077.0,114.94,31.0,0.0,0.0,71077.0,123.04,38.0,0.0,0.0,71077.0,131.26,37.0,0.0,0.0,71077.0,116.24,32.0,0.0,0.0,71077.0,114.33,31.0,0.0,0.0,70995.0,119.32,37.0,0.0,0.0,953.31
2026-04-19 17:59:57.040,93.697,0.0,0.0,70995.0,116.87,37.0,0.0,0.0,71077.0,117.32,31.0,0.0,0.0,71077.0,114.93,31.0,0.0,0.0,71077.0,123.06,38.0,0.0,0.0,71077.0,131.24,37.0,0.0,0.0,71077.0,116.21,32.0,0.0,0.0,71077.0,114.32,31.0,0.0,0.0,70995.0,119.33,37.0,0.0,0.0,953.28
2026-04-19 17:59:58.232,94.889,72.0,35.0,70997.0,453.19,44.0,71.0,35.0,71079.0,462.42,42.0,100.0,51.0,71079.0,465.86,44.0,71.0,35.0,71079.0,497.21,54.0,63.0,32.0,71079.0,500.41,51.0,85.0,41.0,71079.0,473.88,45.0,99.0,48.0,71079.0,501.17,44.0,67.0,32.0,70997.0,510.02,51.0,78.5,38.62,3864.16
2026-04-19 17:59:59.613,96.27,55.0,17.0,70997.0,432.35,44.0,46.0,15.0,71079.0,426.44,38.0,37.0,12.0,71079.0,425.55,38.0,48.0,15.0,71079.0,427.26,49.0,40.0,14.0,71079.0,439.39,46.0,51.0,16.0,71079.0,402.22,38.0,40.0,13.0,71079.0,373.64,39.0,37.0,12.0,70997.0,383.39,46.0,44.25,14.25,3310.24
2026-04-19 18:00:00.980,97.637,52.0,18.0,70997.0,288.92,44.0,43.0,14.0,71079.0,297.9,37.0,36.0,12.0,71079.0,289.64,38.0,48.0,15.0,71079.0,306.17,48.0,41.0,14.0,71079.0,316.1,46.0,38.0,13.0,71079.0,295.41,38.0,40.0,13.0,71079.0,289.99,37.0,36.0,12.0,70997.0,299.93,45.0,41.75,13.88,2384.06
2026-04-19 18:00:02.342,99.0,39.0,12.0,70997.0,297.1,45.0,38.0,13.0,71079.0,293.68,38.0,41.0,14.0,71079.0,295.27,38.0,47.0,16.0,71079.0,307.97,48.0,47.0,16.0,71079.0,314.41,45.0,37.0,13.0,71079.0,294.8,38.0,50.0,17.0,71079.0,294.52,39.0,38.0,13.0,70997.0,297.32,46.0,42.12,14.25,2395.07
2026-04-19 18:00:03.683,100.341,41.0,14.0,70997.0,292.14,43.0,39.0,14.0,71079.0,297.35,40.0,36.0,13.0,71079.0,291.64,39.0,46.0,16.0,71079.0,309.31,46.0,39.0,13.0,71079.0,316.01,44.0,38.0,13.0,71079.0,298.11,40.0,40.0,13.0,71079.0,296.11,37.0,41.0,14.0,70997.0,303.73,44.0,40.0,13.75,2404.4
2026-04-19 18:00:05.045,101.703,0.0,0.0,70997.0,183.77,39.0,0.0,0.0,71079.0,199.1,34.0,0.0,0.0,71079.0,183.0,34.0,0.0,0.0,71079.0,183.48,42.0,0.0,0.0,71079.0,185.5,40.0,0.0,0.0,71079.0,176.01,34.0,0.0,0.0,71079.0,163.34,33.0,0.0,0.0,70997.0,164.15,40.0,0.0,0.0,1438.35
2026-04-19 18:00:06.370,103.027,0.0,0.0,70997.0,117.53,39.0,0.0,0.0,71079.0,118.15,33.0,0.0,0.0,71079.0,116.04,33.0,0.0,0.0,71079.0,125.06,41.0,0.0,0.0,71079.0,133.31,40.0,0.0,0.0,71079.0,117.55,34.0,0.0,0.0,71079.0,116.39,33.0,0.0,0.0,70997.0,119.59,39.0,0.0,0.0,963.62
2026-04-19 18:00:07.687,104.344,0.0,0.0,70997.0,117.48,39.0,0.0,0.0,71079.0,117.94,33.0,0.0,0.0,71079.0,115.33,33.0,0.0,0.0,71079.0,124.74,41.0,0.0,0.0,71079.0,133.06,40.0,0.0,0.0,71079.0,117.43,34.0,0.0,0.0,71079.0,116.25,33.0,0.0,0.0,70997.0,119.46,39.0,0.0,0.0,961.69
2026-04-19 18:00:09.004,105.661,0.0,0.0,70997.0,117.39,39.0,0.0,0.0,71079.0,117.85,33.0,0.0,0.0,71079.0,115.17,32.0,0.0,0.0,71079.0,124.6,41.0,0.0,0.0,71079.0,132.87,39.0,0.0,0.0,71079.0,117.33,34.0,0.0,0.0,71079.0,116.15,32.0,0.0,0.0,70997.0,119.39,39.0,0.0,0.0,960.75
2026-04-19 18:00:10.322,106.98,0.0,0.0,70997.0,117.33,39.0,0.0,0.0,71079.0,117.79,33.0,0.0,0.0,71079.0,115.25,32.0,0.0,0.0,71079.0,124.55,40.0,0.0,0.0,71079.0,132.8,39.0,0.0,0.0,71079.0,117.26,33.0,0.0,0.0,71079.0,116.2,32.0,0.0,0.0,70997.0,119.42,39.0,0.0,0.0,960.6
2026-04-19 18:00:11.661,108.318,0.0,0.0,70997.0,117.33,39.0,0.0,0.0,71079.0,117.73,33.0,0.0,0.0,71079.0,115.08,32.0,0.0,0.0,71079.0,124.5,40.0,0.0,0.0,71079.0,132.77,39.0,0.0,0.0,71079.0,117.24,33.0,0.0,0.0,71079.0,116.13,32.0,0.0,0.0,70997.0,119.39,39.0,0.0,0.0,960.17
2026-04-19 18:00:12.977,109.634,0.0,0.0,70997.0,117.24,39.0,0.0,0.0,71079.0,117.65,33.0,0.0,0.0,71079.0,115.18,32.0,0.0,0.0,71079.0,124.43,40.0,0.0,0.0,71079.0,132.74,39.0,0.0,0.0,71079.0,117.23,33.0,0.0,0.0,71079.0,116.07,32.0,0.0,0.0,70997.0,119.33,39.0,0.0,0.0,959.87
2026-04-19 18:00:14.327,110.984,0.0,0.0,70997.0,117.28,39.0,0.0,0.0,71079.0,117.63,33.0,0.0,0.0,71079.0,115.11,32.0,0.0,0.0,71079.0,124.4,40.0,0.0,0.0,71079.0,132.7,39.0,0.0,0.0,71079.0,117.16,33.0,0.0,0.0,71079.0,115.77,32.0,0.0,0.0,70997.0,119.33,39.0,0.0,0.0,959.38
2026-04-19 18:00:15.653,112.31,0.0,0.0,70997.0,117.24,39.0,0.0,0.0,71079.0,117.65,33.0,0.0,0.0,71079.0,115.02,32.0,0.0,0.0,71079.0,124.38,40.0,0.0,0.0,71079.0,132.67,39.0,0.0,0.0,71079.0,117.18,33.0,0.0,0.0,71079.0,115.22,32.0,0.0,0.0,70997.0,119.31,39.0,0.0,0.0,958.67
2026-04-19 18:00:16.930,113.588,0.0,0.0,70997.0,117.26,39.0,0.0,0.0,71079.0,117.6,33.0,0.0,0.0,71079.0,115.09,32.0,0.0,0.0,71079.0,124.37,40.0,0.0,0.0,71079.0,132.64,39.0,0.0,0.0,71079.0,117.15,33.0,0.0,0.0,71079.0,115.21,32.0,0.0,0.0,70997.0,119.27,39.0,0.0,0.0,958.59
2026-04-19 18:00:18.262,114.92,0.0,0.0,70997.0,117.24,39.0,0.0,0.0,71079.0,117.62,33.0,0.0,0.0,71079.0,114.89,32.0,0.0,0.0,71079.0,124.39,40.0,0.0,0.0,71079.0,132.64,39.0,0.0,0.0,71079.0,117.09,33.0,0.0,0.0,71079.0,115.21,32.0,0.0,0.0,70997.0,119.3,39.0,0.0,0.0,958.38
2026-04-19 18:00:19.606,116.263,0.0,0.0,70997.0,117.25,39.0,0.0,0.0,71079.0,117.53,33.0,0.0,0.0,71079.0,115.05,32.0,0.0,0.0,71079.0,124.36,40.0,0.0,0.0,71079.0,132.64,39.0,0.0,0.0,71079.0,117.1,33.0,0.0,0.0,71079.0,115.12,32.0,0.0,0.0,70997.0,119.33,39.0,0.0,0.0,958.38
2026-04-19 18:00:20.963,117.621,0.0,0.0,70997.0,117.27,39.0,0.0,0.0,71079.0,117.54,33.0,0.0,0.0,71079.0,114.96,32.0,0.0,0.0,71079.0,124.33,40.0,0.0,0.0,71079.0,132.62,39.0,0.0,0.0,71079.0,117.04,33.0,0.0,0.0,71079.0,115.16,32.0,0.0,0.0,70997.0,119.28,39.0,0.0,0.0,958.2
2026-04-19 18:00:22.235,118.893,0.0,0.0,70997.0,117.23,39.0,0.0,0.0,71079.0,117.51,33.0,0.0,0.0,71079.0,114.92,32.0,0.0,0.0,71079.0,124.35,40.0,0.0,0.0,71079.0,132.58,39.0,0.0,0.0,71079.0,117.06,33.0,0.0,0.0,71079.0,115.17,32.0,0.0,0.0,70997.0,119.23,39.0,0.0,0.0,958.05
2026-04-19 18:00:23.577,120.234,0.0,0.0,70997.0,117.21,38.0,0.0,0.0,71079.0,117.49,32.0,0.0,0.0,71079.0,114.98,32.0,0.0,0.0,71079.0,124.31,40.0,0.0,0.0,71079.0,132.56,39.0,0.0,0.0,71079.0,117.05,33.0,0.0,0.0,71079.0,115.12,32.0,0.0,0.0,70997.0,119.25,39.0,0.0,0.0,957.97
2026-04-19 18:00:24.912,121.57,0.0,0.0,70997.0,117.2,38.0,0.0,0.0,71079.0,117.45,32.0,0.0,0.0,71079.0,114.82,32.0,0.0,0.0,71079.0,124.36,40.0,0.0,0.0,71079.0,132.59,39.0,0.0,0.0,71079.0,117.07,33.0,0.0,0.0,71079.0,115.1,32.0,0.0,0.0,70997.0,119.27,39.0,0.0,0.0,957.86
2026-04-19 18:00:26.191,122.849,0.0,0.0,70997.0,117.28,38.0,0.0,0.0,71079.0,117.47,32.0,0.0,0.0,71079.0,114.96,32.0,0.0,0.0,71079.0,124.26,40.0,0.0,0.0,71079.0,132.56,39.0,0.0,0.0,71079.0,117.01,33.0,0.0,0.0,71079.0,115.1,32.0,0.0,0.0,70997.0,119.24,39.0,0.0,0.0,957.88
2026-04-19 18:00:27.514,124.171,0.0,0.0,70997.0,117.2,38.0,0.0,0.0,71079.0,117.43,32.0,0.0,0.0,71079.0,114.85,32.0,0.0,0.0,71079.0,124.28,40.0,0.0,0.0,71079.0,132.55,39.0,0.0,0.0,71079.0,117.0,33.0,0.0,0.0,71079.0,115.08,32.0,0.0,0.0,70997.0,119.22,39.0,0.0,0.0,957.61
2026-04-19 18:00:28.837,125.495,0.0,0.0,70997.0,117.19,38.0,0.0,0.0,71079.0,117.43,32.0,0.0,0.0,71079.0,114.86,32.0,0.0,0.0,71079.0,124.27,40.0,0.0,0.0,71079.0,132.57,39.0,0.0,0.0,71079.0,116.97,33.0,0.0,0.0,71079.0,115.05,32.0,0.0,0.0,70997.0,119.22,39.0,0.0,0.0,957.56
2026-04-19 18:00:30.186,126.844,0.0,0.0,70997.0,117.18,38.0,0.0,0.0,71079.0,117.4,32.0,0.0,0.0,71079.0,114.86,32.0,0.0,0.0,71079.0,124.26,40.0,0.0,0.0,71079.0,132.48,39.0,0.0,0.0,71079.0,116.97,33.0,0.0,0.0,71079.0,115.04,32.0,0.0,0.0,70997.0,119.21,39.0,0.0,0.0,957.4
2026-04-19 18:00:31.519,128.177,0.0,0.0,70997.0,117.2,38.0,0.0,0.0,71079.0,117.39,32.0,0.0,0.0,71079.0,114.78,32.0,0.0,0.0,71079.0,124.25,40.0,0.0,0.0,71079.0,132.51,39.0,0.0,0.0,71079.0,116.99,33.0,0.0,0.0,71079.0,115.08,32.0,0.0,0.0,70997.0,119.2,39.0,0.0,0.0,957.4
2026-04-19 18:00:32.844,129.501,0.0,0.0,70997.0,117.21,38.0,0.0,0.0,71079.0,117.4,32.0,0.0,0.0,71079.0,114.9,32.0,0.0,0.0,71079.0,124.24,40.0,0.0,0.0,71079.0,132.49,39.0,0.0,0.0,71079.0,116.96,33.0,0.0,0.0,71079.0,115.0,32.0,0.0,0.0,70997.0,119.18,39.0,0.0,0.0,957.38
2026-04-19 18:00:34.173,130.831,0.0,0.0,70997.0,117.21,38.0,0.0,0.0,71079.0,117.35,32.0,0.0,0.0,71079.0,114.79,32.0,0.0,0.0,71079.0,124.23,40.0,0.0,0.0,71079.0,132.49,39.0,0.0,0.0,71079.0,116.94,33.0,0.0,0.0,71079.0,115.03,32.0,0.0,0.0,70997.0,119.17,39.0,0.0,0.0,957.21
2026-04-19 18:00:35.512,132.17,0.0,0.0,70997.0,117.17,38.0,0.0,0.0,71079.0,117.32,32.0,0.0,0.0,71079.0,114.77,32.0,0.0,0.0,71079.0,124.24,40.0,0.0,0.0,71079.0,132.48,39.0,0.0,0.0,71079.0,116.97,33.0,0.0,0.0,71079.0,114.99,32.0,0.0,0.0,70997.0,119.21,39.0,0.0,0.0,957.15
2026-04-19 18:00:36.844,133.501,0.0,0.0,70997.0,117.2,38.0,0.0,0.0,71079.0,117.31,32.0,0.0,0.0,71079.0,114.78,32.0,0.0,0.0,71079.0,124.24,40.0,0.0,0.0,71079.0,132.47,39.0,0.0,0.0,71079.0,116.91,33.0,0.0,0.0,71079.0,115.0,32.0,0.0,0.0,70997.0,119.13,39.0,0.0,0.0,957.04
2026-04-19 18:00:38.171,134.828,0.0,0.0,70997.0,117.22,38.0,0.0,0.0,71079.0,117.32,32.0,0.0,0.0,71079.0,114.7,32.0,0.0,0.0,71079.0,124.22,40.0,0.0,0.0,71079.0,132.49,39.0,0.0,0.0,71079.0,116.89,33.0,0.0,0.0,71079.0,115.05,32.0,0.0,0.0,70997.0,119.17,39.0,0.0,0.0,957.06
2026-04-19 18:00:39.506,136.163,0.0,0.0,70997.0,117.15,38.0,0.0,0.0,71079.0,117.29,32.0,0.0,0.0,71079.0,114.85,32.0,0.0,0.0,71079.0,124.18,40.0,0.0,0.0,71079.0,132.44,39.0,0.0,0.0,71079.0,116.89,33.0,0.0,0.0,71079.0,115.02,32.0,0.0,0.0,70997.0,119.21,39.0,0.0,0.0,957.03
2026-04-19 18:00:40.841,137.498,0.0,0.0,70997.0,117.15,38.0,0.0,0.0,71079.0,117.29,32.0,0.0,0.0,71079.0,114.7,32.0,0.0,0.0,71079.0,124.18,40.0,0.0,0.0,71079.0,132.4,39.0,0.0,0.0,71079.0,116.91,33.0,0.0,0.0,71079.0,114.97,32.0,0.0,0.0,70997.0,119.15,39.0,0.0,0.0,956.75
2026-04-19 18:00:42.169,138.827,0.0,0.0,70997.0,117.14,38.0,0.0,0.0,71079.0,117.32,32.0,0.0,0.0,71079.0,114.77,32.0,0.0,0.0,71079.0,124.24,40.0,0.0,0.0,71079.0,132.42,39.0,0.0,0.0,71079.0,116.87,33.0,0.0,0.0,71079.0,115.0,32.0,0.0,0.0,70997.0,119.16,39.0,0.0,0.0,956.92
2026-04-19 18:00:43.460,140.118,0.0,0.0,70997.0,117.12,38.0,0.0,0.0,71079.0,117.27,32.0,0.0,0.0,71079.0,114.68,32.0,0.0,0.0,71079.0,124.18,40.0,0.0,0.0,71079.0,132.42,39.0,0.0,0.0,71079.0,116.9,33.0,0.0,0.0,71079.0,114.99,32.0,0.0,0.0,70997.0,119.14,39.0,0.0,0.0,956.7
2026-04-19 18:00:44.803,141.46,0.0,0.0,70997.0,117.15,38.0,0.0,0.0,71079.0,117.26,32.0,0.0,0.0,71079.0,114.73,32.0,0.0,0.0,71079.0,124.21,40.0,0.0,0.0,71079.0,132.39,39.0,0.0,0.0,71079.0,116.89,33.0,0.0,0.0,71079.0,114.89,32.0,0.0,0.0,70997.0,119.14,39.0,0.0,0.0,956.66
2026-04-19 18:00:46.143,142.8,0.0,0.0,70997.0,117.12,38.0,0.0,0.0,71079.0,117.24,32.0,0.0,0.0,71079.0,114.72,31.0,0.0,0.0,71079.0,124.18,40.0,0.0,0.0,71079.0,132.4,39.0,0.0,0.0,71079.0,116.87,33.0,0.0,0.0,71079.0,114.97,32.0,0.0,0.0,70997.0,119.12,39.0,0.0,0.0,956.62
2026-04-19 18:00:47.473,144.13,0.0,0.0,70997.0,117.18,38.0,0.0,0.0,71079.0,117.25,32.0,0.0,0.0,71079.0,114.61,31.0,0.0,0.0,71079.0,124.21,40.0,0.0,0.0,71079.0,132.4,39.0,0.0,0.0,71079.0,116.83,33.0,0.0,0.0,71079.0,114.93,31.0,0.0,0.0,70997.0,119.1,39.0,0.0,0.0,956.51
2026-04-19 18:00:48.826,145.484,0.0,0.0,70997.0,117.14,38.0,0.0,0.0,71079.0,117.21,32.0,0.0,0.0,71079.0,114.73,31.0,0.0,0.0,71079.0,124.16,40.0,0.0,0.0,71079.0,132.38,39.0,0.0,0.0,71079.0,116.86,33.0,0.0,0.0,71079.0,114.94,31.0,0.0,0.0,70997.0,119.15,39.0,0.0,0.0,956.57
2026-04-19 18:00:50.171,146.829,0.0,0.0,70997.0,117.15,38.0,0.0,0.0,71079.0,117.24,32.0,0.0,0.0,71079.0,114.61,31.0,0.0,0.0,71079.0,124.18,40.0,0.0,0.0,71079.0,132.33,39.0,0.0,0.0,71079.0,116.87,33.0,0.0,0.0,71079.0,114.95,31.0,0.0,0.0,70997.0,119.11,39.0,0.0,0.0,956.44
2026-04-19 18:00:51.498,148.155,0.0,0.0,70997.0,117.16,38.0,0.0,0.0,71079.0,117.15,32.0,0.0,0.0,71079.0,114.65,31.0,0.0,0.0,71079.0,124.14,40.0,0.0,0.0,71079.0,132.35,39.0,0.0,0.0,71079.0,116.82,33.0,0.0,0.0,71079.0,114.88,31.0,0.0,0.0,70997.0,119.11,39.0,0.0,0.0,956.26
2026-04-19 18:00:52.852,149.51,0.0,0.0,70997.0,117.11,38.0,0.0,0.0,71079.0,117.2,32.0,0.0,0.0,71079.0,114.66,31.0,0.0,0.0,71079.0,124.11,40.0,0.0,0.0,71079.0,132.37,39.0,0.0,0.0,71079.0,116.85,33.0,0.0,0.0,71079.0,114.95,31.0,0.0,0.0,70997.0,119.1,39.0,0.0,0.0,956.35
2026-04-19 18:00:54.184,150.842,0.0,0.0,70997.0,117.07,38.0,0.0,0.0,71079.0,117.21,32.0,0.0,0.0,71079.0,114.6,31.0,0.0,0.0,71079.0,124.18,40.0,0.0,0.0,71079.0,132.33,39.0,0.0,0.0,71079.0,116.79,33.0,0.0,0.0,71079.0,114.91,31.0,0.0,0.0,70997.0,119.02,39.0,0.0,0.0,956.11
2026-04-19 18:00:55.528,152.186,0.0,0.0,70997.0,117.07,38.0,0.0,0.0,71079.0,117.17,32.0,0.0,0.0,71079.0,114.76,31.0,0.0,0.0,71079.0,124.15,40.0,0.0,0.0,71079.0,132.32,39.0,0.0,0.0,71079.0,116.81,33.0,0.0,0.0,71079.0,114.88,31.0,0.0,0.0,70997.0,119.09,39.0,0.0,0.0,956.25
2026-04-19 18:00:56.889,153.546,0.0,0.0,70997.0,117.14,38.0,0.0,0.0,71079.0,117.16,32.0,0.0,0.0,71079.0,114.53,31.0,0.0,0.0,71079.0,124.15,40.0,0.0,0.0,71079.0,132.32,39.0,0.0,0.0,71079.0,116.78,33.0,0.0,0.0,71079.0,114.9,31.0,0.0,0.0,70997.0,119.05,39.0,0.0,0.0,956.03
2026-04-19 18:00:58.205,154.863,0.0,0.0,70997.0,117.1,38.0,0.0,0.0,71079.0,117.15,32.0,0.0,0.0,71079.0,114.67,31.0,0.0,0.0,71079.0,124.15,40.0,0.0,0.0,71079.0,132.34,39.0,0.0,0.0,71079.0,116.79,33.0,0.0,0.0,71079.0,114.89,31.0,0.0,0.0,70997.0,119.07,39.0,0.0,0.0,956.16
2026-04-19 18:00:59.513,156.17,0.0,0.0,70997.0,117.08,38.0,0.0,0.0,71079.0,117.19,32.0,0.0,0.0,71079.0,114.53,31.0,0.0,0.0,71079.0,124.14,40.0,0.0,0.0,71079.0,132.29,39.0,0.0,0.0,71079.0,116.77,33.0,0.0,0.0,71079.0,114.9,31.0,0.0,0.0,70997.0,119.03,39.0,0.0,0.0,955.93
2026-04-19 18:01:00.812,157.47,0.0,0.0,70997.0,117.05,38.0,0.0,0.0,71079.0,117.21,32.0,0.0,0.0,71079.0,114.59,31.0,0.0,0.0,71079.0,124.08,40.0,0.0,0.0,71079.0,132.3,39.0,0.0,0.0,71079.0,116.79,33.0,0.0,0.0,71079.0,114.9,31.0,0.0,0.0,70997.0,119.07,39.0,0.0,0.0,955.99
2026-04-19 18:01:02.148,158.806,0.0,0.0,70997.0,117.1,38.0,0.0,0.0,71079.0,117.17,32.0,0.0,0.0,71079.0,114.65,31.0,0.0,0.0,71079.0,124.11,40.0,0.0,0.0,71079.0,132.28,39.0,0.0,0.0,71079.0,116.76,33.0,0.0,0.0,71079.0,114.93,31.0,0.0,0.0,70997.0,119.04,39.0,0.0,0.0,956.04
2026-04-19 18:01:03.472,160.13,0.0,0.0,70997.0,117.09,38.0,0.0,0.0,71079.0,117.19,32.0,0.0,0.0,71079.0,114.54,31.0,0.0,0.0,71079.0,124.09,40.0,0.0,0.0,71079.0,132.27,39.0,0.0,0.0,71079.0,116.8,33.0,0.0,0.0,71079.0,114.89,31.0,0.0,0.0,70997.0,119.03,39.0,0.0,0.0,955.9
2026-04-19 18:01:04.836,161.494,0.0,0.0,70997.0,117.11,38.0,0.0,0.0,71079.0,117.15,32.0,0.0,0.0,71079.0,114.65,31.0,0.0,0.0,71079.0,124.07,40.0,0.0,0.0,71079.0,132.29,39.0,0.0,0.0,71079.0,116.78,33.0,0.0,0.0,71079.0,114.91,31.0,0.0,0.0,70997.0,119.05,39.0,0.0,0.0,956.01
2026-04-19 18:01:06.262,162.919,0.0,0.0,70997.0,117.03,38.0,0.0,0.0,71079.0,117.12,32.0,0.0,0.0,71079.0,114.48,31.0,0.0,0.0,71079.0,124.07,40.0,0.0,0.0,71079.0,132.28,39.0,0.0,0.0,71079.0,116.79,33.0,0.0,0.0,71079.0,114.85,31.0,0.0,0.0,70997.0,119.02,39.0,0.0,0.0,955.64
2026-04-19 18:01:07.606,164.263,0.0,0.0,70997.0,117.06,38.0,0.0,0.0,71079.0,117.15,32.0,0.0,0.0,71079.0,114.61,31.0,0.0,0.0,71079.0,124.1,40.0,0.0,0.0,71079.0,132.29,39.0,0.0,0.0,71079.0,116.75,32.0,0.0,0.0,71079.0,114.86,31.0,0.0,0.0,70997.0,119.02,39.0,0.0,0.0,955.84
2026-04-19 18:01:08.937,165.595,0.0,0.0,70997.0,117.12,38.0,0.0,0.0,71079.0,117.12,32.0,0.0,0.0,71079.0,114.51,31.0,0.0,0.0,71079.0,124.05,40.0,0.0,0.0,71079.0,132.26,39.0,0.0,0.0,71079.0,116.75,32.0,0.0,0.0,71079.0,114.82,31.0,0.0,0.0,70997.0,119.01,39.0,0.0,0.0,955.64
2026-04-19 18:01:10.274,166.932,0.0,0.0,70997.0,117.07,38.0,0.0,0.0,71079.0,117.12,32.0,0.0,0.0,71079.0,114.54,31.0,0.0,0.0,71079.0,124.08,40.0,0.0,0.0,71079.0,132.21,39.0,0.0,0.0,71079.0,116.73,32.0,0.0,0.0,71079.0,114.86,31.0,0.0,0.0,70997.0,118.97,39.0,0.0,0.0,955.58
2026-04-19 18:01:11.611,168.269,0.0,0.0,70997.0,117.05,38.0,0.0,0.0,71079.0,117.1,32.0,0.0,0.0,71079.0,114.66,31.0,0.0,0.0,71079.0,124.11,40.0,0.0,0.0,71079.0,132.19,39.0,0.0,0.0,71079.0,116.78,32.0,0.0,0.0,71079.0,114.87,31.0,0.0,0.0,70997.0,119.03,39.0,0.0,0.0,955.79
2026-04-19 18:01:12.927,169.585,0.0,0.0,70997.0,117.05,38.0,0.0,0.0,71079.0,117.1,32.0,0.0,0.0,71079.0,114.5,31.0,0.0,0.0,71079.0,124.07,40.0,0.0,0.0,71079.0,132.22,39.0,0.0,0.0,71079.0,116.78,32.0,0.0,0.0,71079.0,114.84,31.0,0.0,0.0,70997.0,118.99,39.0,0.0,0.0,955.55
2026-04-19 18:01:14.266,170.924,0.0,0.0,70997.0,117.06,38.0,0.0,0.0,71079.0,117.12,32.0,0.0,0.0,71079.0,114.59,31.0,0.0,0.0,71079.0,124.03,40.0,0.0,0.0,71079.0,132.2,39.0,0.0,0.0,71079.0,116.74,32.0,0.0,0.0,71079.0,114.81,31.0,0.0,0.0,70997.0,118.96,39.0,0.0,0.0,955.51
2026-04-19 18:01:15.588,172.245,0.0,0.0,70997.0,117.06,38.0,0.0,0.0,71079.0,117.1,32.0,0.0,0.0,71079.0,114.45,31.0,0.0,0.0,71079.0,124.06,40.0,0.0,0.0,71079.0,132.24,39.0,0.0,0.0,71079.0,116.71,32.0,0.0,0.0,71079.0,114.83,31.0,0.0,0.0,70997.0,118.99,39.0,0.0,0.0,955.44
2026-04-19 18:01:16.770,173.428,0.0,0.0,70997.0,117.06,38.0,0.0,0.0,71079.0,117.09,32.0,0.0,0.0,71079.0,114.46,31.0,0.0,0.0,71079.0,124.01,40.0,0.0,0.0,71079.0,132.21,39.0,0.0,0.0,71079.0,116.69,32.0,0.0,0.0,71079.0,114.84,31.0,0.0,0.0,70997.0,119.04,39.0,0.0,0.0,955.4
2026-04-19 18:01:17.962,174.62,0.0,0.0,70997.0,117.0,38.0,0.0,0.0,71079.0,117.1,32.0,0.0,0.0,71079.0,114.65,31.0,0.0,0.0,71079.0,124.05,40.0,0.0,0.0,71079.0,132.16,39.0,0.0,0.0,71079.0,116.68,32.0,0.0,0.0,71079.0,114.78,31.0,0.0,0.0,70997.0,118.97,39.0,0.0,0.0,955.39
2026-04-19 18:01:19.156,175.814,0.0,0.0,70997.0,117.07,38.0,0.0,0.0,71079.0,117.09,32.0,0.0,0.0,71079.0,114.48,31.0,0.0,0.0,71079.0,124.04,40.0,0.0,0.0,71079.0,132.23,39.0,0.0,0.0,71079.0,116.77,32.0,0.0,0.0,71079.0,114.85,31.0,0.0,0.0,70997.0,118.99,39.0,0.0,0.0,955.52
2026-04-19 18:01:20.322,176.98,0.0,0.0,70997.0,116.98,38.0,0.0,0.0,71079.0,117.11,32.0,0.0,0.0,71079.0,114.5,31.0,0.0,0.0,71079.0,124.03,40.0,0.0,0.0,71079.0,132.17,39.0,0.0,0.0,71079.0,116.73,32.0,0.0,0.0,71079.0,114.79,31.0,0.0,0.0,70997.0,118.98,39.0,0.0,0.0,955.29
2026-04-19 18:01:21.511,178.169,0.0,0.0,70997.0,116.99,38.0,0.0,0.0,71079.0,117.07,32.0,0.0,0.0,71079.0,114.57,31.0,0.0,0.0,71079.0,124.03,40.0,0.0,0.0,71079.0,132.15,39.0,0.0,0.0,71079.0,116.74,32.0,0.0,0.0,71079.0,114.83,31.0,0.0,0.0,70997.0,118.99,38.0,0.0,0.0,955.37
2026-04-19 18:01:22.702,179.36,0.0,0.0,70997.0,117.04,38.0,0.0,0.0,71079.0,117.1,32.0,0.0,0.0,71079.0,114.44,31.0,0.0,0.0,71079.0,123.99,40.0,0.0,0.0,71079.0,132.15,39.0,0.0,0.0,71079.0,116.71,32.0,0.0,0.0,71079.0,114.84,31.0,0.0,0.0,70997.0,118.98,38.0,0.0,0.0,955.25
2026-04-19 18:01:23.866,180.524,0.0,0.0,70997.0,117.02,38.0,0.0,0.0,71079.0,117.06,32.0,0.0,0.0,71079.0,114.54,31.0,0.0,0.0,71079.0,124.01,40.0,0.0,0.0,71079.0,132.13,39.0,0.0,0.0,71079.0,116.69,32.0,0.0,0.0,71079.0,114.81,31.0,0.0,0.0,70997.0,118.98,39.0,0.0,0.0,955.24
2026-04-19 18:01:25.042,181.7,0.0,0.0,70997.0,116.99,38.0,0.0,0.0,71079.0,117.12,32.0,0.0,0.0,71079.0,114.47,31.0,0.0,0.0,71079.0,124.03,40.0,0.0,0.0,71079.0,132.15,39.0,0.0,0.0,71079.0,116.68,32.0,0.0,0.0,71079.0,114.81,31.0,0.0,0.0,70997.0,118.97,38.0,0.0,0.0,955.22
2026-04-19 18:01:26.206,182.864,0.0,0.0,70997.0,117.03,38.0,0.0,0.0,71079.0,117.06,32.0,0.0,0.0,71079.0,114.44,31.0,0.0,0.0,71079.0,124.02,40.0,0.0,0.0,71079.0,132.13,39.0,0.0,0.0,71079.0,116.71,32.0,0.0,0.0,71079.0,114.8,31.0,0.0,0.0,70997.0,118.96,38.0,0.0,0.0,955.15
